{"sizemultiplier":1,"wallbang":true,"showhealthpercentages":true,"jumppower":83,"alwaysheadshot":true,"smoothness":1,"customguncolour":false,"sprintspeed":64,"material":"ForceField","togglegui":"RightControl","triggerbot":false,"configname":"tets","impactenabled":false,"fakestance":false,"hitchance":100,"aimbotenabled":false,"configs":"","alwaysradarenemies":true,"headshotchance":100,"antiflashbang":true,"ignoreaimkey":false,"customsprintspeed":true,"nospread":true,"fovvisible":true,"enabled":false,"impactcolour":{"h":1,"s":1,"v":1},"aimkey":"MouseButton2","fovenabled":true,"autoclaimchallenges":false,"aimpart":"Abdomen","showtracers":true,"firerate":2500,"teleportgrenades":true,"noclip":false,"shownames":true,"flyspeed":140,"fly":"E","knifeaurarange":20,"custommaterial":false,"nogunbob":true,"antismoke":true,"stickygrenades":true,"hitboxesenabled":false,"customjumppower":true,"xraytransparency":0.75,"requireknifeequipped":false,"textsize":14,"hitboxesvisible":false,"stance":"Prone","autoshoot":false,"silentaimenabled":true,"guncolour":{"h":1,"s":1,"v":1},"fullbright":false,"norecoil":true,"firerateenabled":true,"nocamerashake":true,"showhealthbars":true,"showdistances":true,"showboxes":true,"applyanyskin":"","showteammates":false,"knifeauraenabled":true,"fovradius":800}