{"combat_hitsound_sound":"skeet","combat_silentaim_instantkill":0,"visuals_fovsettings_transparency":0,"visuals_camera_fovchanger":1,"Use Custom Name":0,"visuals_esp_names":1,"combat_knifemods_instantswing":0,"combat_scanning_customscanrate_value":50,"combat_gunmods_nogunbob":1,"combat_scanning_hitboxshifting":0,"combat_scanning_collatscan":0,"combat_silentaim":1,"visuals_camera_fov":120,"combat_gunmods_firerate":0,"visuals_selfchams_animation":"Scanning","combat_aimlock_dropprediction":0,"visuals_selfchams_color Transparency":1,"misc_movement_jumpvalue":0,"visuals_bullettracers_time":0.5,"visuals_world_ambiencecolor2":[1,1,1],"visuals_esp_namescolor":[1,1,1],"combat_gunmods_norecoil":0,"misc_main_chatspam":0,"visuals_espsettings_teamcolor":0,"combat_aimlock_hitbox":"Head","misc_main_killlogs":0,"misc_movement_nofalldamage":0,"misc_main_autodespawn":0,"misc_main_antifreeze":0,"combat_grenademods_nademode":"On Spawn","visuals_esp_tracerscolor":[1,1,1],"visuals_armchams_enable":0,"misc_antiaim_forcepitch":0,"misc_movement_speedvalue":0,"misc_movement_bhopspeed":50,"visuals_camera_z":0,"visuals_esp_enable":1,"visuals_camera_showplayermodel":0,"visuals_esp_targetcolor":[1,0,0],"combat_hitboxexpander_size":2.78000000000000024868995751604,"Gradient":0,"Menu Background Color":[0,0,0],"combat_knifemods_hitbox":"Head","combat_aimlock_triggerbot":0,"visuals_fovsettings_filled":0,"combat_knifemods_onstab":0,"visuals_camera_noviewbob":0,"combat_hitboxexpander_enable":1,"visuals_armchams_color":[1,1,1],"visuals_camera_x":0,"misc_main_autodeploy":0,"combat_grenademods_grenadetp":0,"combat_scanning_fireposshifting":0,"visuals_gunchams_material":"Foil","Menu Background Color Transparency":0,"combat_aimlock_fov":262,"visuals_esp_chamsinlinecolor":[0.800000011920928955078125,0.800000011920928955078125,0.800000011920928955078125],"visuals_esp_chams":1,"misc_movement_gravitymul":0,"misc_movement_superspeed":0,"visuals_esp_weapon":1,"combat_gunmods_instantaim":0,"combat_knifemods_knifeinhand":0,"misc_antiaim_lowerhands":0,"visuals_esp_chamsoutlinecolor":[1,1,1],"visuals_espsettings_showteammates":0,"combat_gunmods_removeonfireanimation":0,"combat_aimlock_movementprediction":0,"visuals_armchams_hidearms":0,"combat_gunmods_firerateadd":10,"visuals_espsettings_visibleonly":0,"Use Custom Watermark":0,"UI Toggle":"RightShift","combat_gunmods_instantequip":0,"combat_gunmods_nospread":1,"combat_gunmods_instantreload":1,"visuals_armchams_animation":"Scanning","visuals_espsettings_textfontsize":13,"misc_antiaim_tilthead":0,"combat_gunmods_nogunsway":1,"combat_knifemods_visiblecheck":0,"combat_scanning_resolver":0,"visuals_armchams_material":"Foil","combat_silentaim_misspercentage_value":0,"visuals_espsettings_textfont":"UI","Custom Name":"cattoware","combat_scanning_fireposshifting_radius":1,"visuals_gunchams_color":[1,1,1],"combat_grenademods_autonade":0,"combat_silentaim_showfov":1,"combat_aimlock_overridehitbone":0,"Custom Backgrounds":0,"visuals_armchams_useanimation":0,"visuals_bulletimpacts_enable":0,"visuals_bulletimpacts_color Transparency":1,"visuals_bulletimpacts_time":0.5,"combat_scanning_hitboxshifting_radius":1,"misc_antiaim_spinspeed":0,"combat_knifemods_boomerang":0,"Custom Watermark":"cattoware v1.5 | {date} | {fps} FPS","visuals_fovsettings_numsides":8,"visuals_esp_boxes":0,"combat_knifemods_distance":0,"visuals_esp_healthbar":1,"visuals_selfchams_selfchams":0,"misc_antiaim_hideinfloor":0,"Show Notifications":0,"combat_scanning_advancedscanning":0,"combat_aimlock":0,"misc_movement_removeslidecooldown":0,"visuals_world_saturationcolor":[1,1,1],"misc_movement_bhop":0,"misc_movement_removejumprestriction":0,"combat_silentaim_autoshoot":0,"visuals_esp_weaponcolor":[1,1,1],"combat_gunmods_removefiresound":0,"combat_aimlock_showfov":1,"visuals_esp_healthtext":0,"visuals_bullettracers_color":[1,1,1],"misc_antiaim_stance":"Stand","visuals_world_saturation":0,"misc_antiaim_forcestance":0,"combat_aimlock_fovcolor":[0.930232584476470947265625,0.01622499525547027587890625,0.01622499525547027587890625],"combat_gunmods_noreload":1,"visuals_esp_healthbarcolor":[0,1,0],"combat_aimlock_triggerbot_penetrationcheck":0,"combat_hitsound":1,"Tile Size":50,"combat_silentaim_fovcolor":[1,1,1],"combat_silentaim_misspercentage":0,"visuals_world_time":12.2800000000000011368683772162,"misc_antiaim_blockreplication":0,"misc_main_killsay":0,"Watermark":0,"visuals_esp_showtarget":0,"visuals_world_ambience":0,"visuals_world_saturationdensity":0,"visuals_esp_boxescolor":[1,1,1],"visuals_esp_distance":1,"visuals_fovsettings_thickness":1,"misc_movement_fly":0,"visuals_bulletimpacts_color":[1,1,1],"visuals_bullettracers_color Transparency":1,"visuals_world_timechanger":1,"combat_aimlock_visibleonly":0,"visuals_bullettracers_enable":0,"misc_main_autovote":0,"misc_antiaim_enable":0,"visuals_esp_healthtextcolor":[1,1,1],"misc_movement_flyspeed":50,"visuals_gunchams_useanimation":0,"visuals_camera_cameraoffset":0,"visuals_gunchams_enable":0,"misc_main_killsaymsg":"{user}, cattoware on top","visuals_selfchams_color":[1,1,1],"misc_main_killlogs_time":0.100000000000000005551115123126,"visuals_armchams_color Transparency":1,"combat_aimlock_overridehitbone_part":"Head","combat_silentaim_hitbox":"Head","combat_silentaim_fov":42,"visuals_gunchams_animation":"Scanning","visuals_esp_distancecolor":[1,1,1],"misc_movement_superjump":0,"misc_main_votemode":"Yes","misc_movement_bhopmode":"Manual","visuals_esp_tracers":1,"misc_antiaim_pitch":"Down","misc_antiaim_forceyaw":0,"Background":"Floral","misc_antiaim_yaw":"Forwards","combat_knifemods_knifeaura":0,"combat_hitboxexpander_hitboxes":{"Torso":true,"Left Leg":false,"Right Arm":false,"Head":false,"Left Arm":false,"Right Leg":false},"combat_aimlock_triggerbot_parts":{"Torso":false,"Left Leg":false,"Right Arm":false,"Head":false,"Left Arm":false,"Right Leg":false},"Menu Accent Color":[0.60000002384185791015625,0,1],"visuals_camera_y":0,"visuals_espsettings_textcasing":"Normal","visuals_world_ambiencecolor1":[1,1,1],"combat_scanning_customscanrate":0,"misc_main_killlogs_color":[1,1,0],"visuals_gunchams_color Transparency":1}