{"Visuals":{"BoxColor":null,"HealthESP":true,"HealthColor":null,"BoxESP":true,"LinesESP":true,"GunColor":null,"ArmColor":null,"GunMaterial":"ForceField","LinesColor":null,"CustomArm":false,"ArmMaterial":"ForceField","CustomGun":true,"CameraOffset":false,"OffsetController":{"Y":1,"X":-2,"Z":1}},"Misc":{"CustomDead":false,"DeadColor":null,"MapSaturation":0,"Ambience":false,"CustomTime":false,"BulletTracerColor":null,"SetTime":0,"AmbienceColor":null,"ThirdPerson":true,"MaxBright":false,"BulletTracer":false},"Character":{"Pitch":-1.5,"FakeStance":false,"CustomPitch":false,"SpinSpeed":180,"StanceResolver":false,"PitchYawResolver":false,"ChangeJumpPower":false,"BunnyHop":false,"SpinBot":false,"TiltHead":false,"SetStance":"stand","StanceMode":"prone","Sprint":false,"Walkspeed":30,"ChangeWalkSpeed":false,"JumpPower":30,"NoFall":false},"GunMods":{"InstEquip":true,"InstReload":true,"ChangeFireRate":true,"NoGunBob":true,"FullAuto":true,"InstAim":true,"NoSpread":true,"NoRecoil":true,"OnFire":true,"SetFireRate":250,"NoSway":true},"Rage":{"MaxDistance":2,"AutoFrag":true,"ExtendDistance":true,"KnifeHitPart":"head","ChatBot":false,"FakeEquip":true,"KnifeHitDistance":25,"FakeLag":false,"AutoWallShoot":true,"FlySpeed":75,"AutoWallScan":0,"KnifeBot":true,"ScanRate":2,"UnderGroundAA":true,"FlyMode":true},"Legit":{"DisplayFov":false,"SilentAimPart":"head","HitBoxExtender":false,"QuickStab":false,"ExtendPart":"Head","ExtenderRate":10,"AimbotVisibleCheck":false,"SilentAim":false,"Smoothing":0,"RedirectionMode":"P Mode","Aimbot":false,"Aimpart":"head","QuickFrag":false,"FovColor":null,"AimbotFovRate":115}}